{"current":{"text_color":"#212121","bg_color":"#ffffff","secondary_bg_color":"#F7F7F7","accent_bright":"#ab8c52","accent_secondary":"#8191a4","site_border_color":"#f0f0f0","link_color":"#212121","link_hover_color":"#bcb2a8","header_bg":"#ffffff","header_link":"#212121","header_link_hover":"#AB8C52","show_logo_bg":false,"menu_bg_color":"#ffffff","menu_border_color":"#ffffff","menu_link_color":"#212121","menu_link_hover_color":"#AB8C52","submenu_bg_color":"#ffffff","submenu_link_color":"#212121","submenu_link_hover_color":"#AB8C52","menu_transparent_color":"#ffffff","footer_bg":"#ffffff","footer_border":"#212121","footer_text":"#212121","footer_link":"#212121","footer_link_hover":"#212121","type_heading_font":"neuzeit_office_n7","type_heading_size":100,"type_base_font":"neuzeit_office_n4","type_body_size":100,"product_grid_outline":false,"show_scroll_top_button":true,"product_grid_aspect_ratio":0.9,"sale_bg_color":"#f9dee5","sale_text_color":"#af7b88","badge_bg_color":"#ffffff","badge_text_color":"#212121","show_free_shipping_message":true,"message":"Spend ||amount|| for free shipping","free_shipping_limit":"200","checkout_logo_position":"left","checkout_logo_size":"medium","checkout_body_background_color":"#fff","checkout_input_background_color_mode":"white","checkout_sidebar_background_color":"#fafafa","checkout_heading_font":"Open Sans","checkout_body_font":"Open Sans","checkout_accent_color":"#c5aa76","checkout_button_color":"#c5aa76","checkout_error_color":"#c85c42","enable_free_shipping_message":true,"announcement_bg":"#ffffff","announcement_text":"#ab8c52","sale_background_color":"#be563f","sections":{"header":{"type":"header","settings":{"header_style":"logo_beside","icon_family":"modern"}},"announcement":{"type":"announcement","settings":{"bg_color":"#f7f7f7","color":"#545454","layout":"slider","speed":7}},"footer":{"type":"footer","blocks":{"footer-0":{"type":"linklist","settings":{"linklist":"main-menu","title":""}},"footer-1":{"type":"social","settings":{"title":"Social","richtext":"<p>Stay current with updates from our social channels.<\/p>"}},"footer-2":{"type":"newsletter","settings":{"richtext":"<p>Subscribe to get special offers, free giveaways, and once-in-a-lifetime deals.<\/p>","enable_name":false}}},"block_order":["footer-0","footer-1","footer-2"],"settings":{"logo_image_width":150,"bg_position":"center-center","overlay_opacity":75,"overlay_color":"#ffffff","footer_secondary_linklist":"","footer_payment_enable":false,"show_locale_selector":true,"show_currency_selector":true,"type":"currency"}},"popups":{"type":"popups","blocks":{"popups-0":{"type":"cookie","settings":{"position":"popup-cookies--left","show_cookies_popup":true}}},"block_order":["popups-0"],"settings":{}}}},"presets":{"Clean":{"text_color":"#212121","bg_color":"#ffffff","secondary_bg_color":"#F7F7F7","accent_bright":"#ab8c52","accent_secondary":"#8191a4","site_border_color":"#f0f0f0","link_color":"#212121","link_hover_color":"#bcb2a8","header_bg":"#ffffff","header_link":"#212121","header_link_hover":"#AB8C52","show_logo_bg":false,"menu_bg_color":"#ffffff","menu_border_color":"#ffffff","menu_link_color":"#212121","menu_link_hover_color":"#AB8C52","submenu_bg_color":"#ffffff","submenu_link_color":"#212121","submenu_link_hover_color":"#AB8C52","menu_transparent_color":"#ffffff","footer_bg":"#ffffff","footer_border":"#212121","footer_text":"#212121","footer_link":"#212121","footer_link_hover":"#212121","type_heading_font":"neuzeit_office_n7","type_heading_size":100,"type_base_font":"neuzeit_office_n4","type_body_size":100,"product_grid_outline":false,"show_scroll_top_button":true,"product_grid_aspect_ratio":0.9,"sale_bg_color":"#f9dee5","sale_text_color":"#af7b88","badge_bg_color":"#ffffff","badge_text_color":"#212121","show_free_shipping_message":true,"message":"Spend ||amount|| for free shipping","free_shipping_limit":"200","checkout_logo_position":"left","checkout_logo_size":"medium","checkout_body_background_color":"#fff","checkout_input_background_color_mode":"white","checkout_sidebar_background_color":"#fafafa","checkout_heading_font":"Open Sans","checkout_body_font":"Open Sans","checkout_accent_color":"#c5aa76","checkout_button_color":"#c5aa76","checkout_error_color":"#c85c42","enable_free_shipping_message":true,"announcement_bg":"#ffffff","announcement_text":"#ab8c52","sale_background_color":"#be563f","sections":{"header":{"type":"header","settings":{"header_style":"logo_beside","icon_family":"modern"}},"announcement":{"type":"announcement","settings":{"bg_color":"#f7f7f7","color":"#545454","layout":"slider","speed":7}},"footer":{"type":"footer","blocks":{"footer-0":{"type":"linklist","settings":{"linklist":"main-menu","title":""}},"footer-1":{"type":"social","settings":{"title":"Social","richtext":"<p>Stay current with updates from our social channels.<\/p>"}},"footer-2":{"type":"newsletter","settings":{"richtext":"<p>Subscribe to get special offers, free giveaways, and once-in-a-lifetime deals.<\/p>","enable_name":false}}},"block_order":["footer-0","footer-1","footer-2"],"settings":{"logo_image_width":150,"bg_position":"center-center","overlay_opacity":75,"overlay_color":"#ffffff","footer_secondary_linklist":"","footer_payment_enable":false,"show_locale_selector":true,"show_currency_selector":true,"type":"currency"}},"popups":{"type":"popups","blocks":{"popups-0":{"type":"cookie","settings":{"position":"popup-cookies--left","show_cookies_popup":true}}},"block_order":["popups-0"],"settings":{}}}},"Bold":{"text_color":"#000000","bg_color":"#ffffff","secondary_bg_color":"#ffffff","accent_bright":"#449fc9","accent_secondary":"#9653b9","site_border_color":"#f0f0f0","link_color":"#449fc9","link_hover_color":"#17678c","header_bg":"#ffffff","header_link":"#2e2e2e","header_link_hover":"#449fc9","menu_bg_color":"#ffffff","menu_border_color":"#ffffff","menu_link_color":"#2e2e2e","menu_link_hover_color":"#449fc9","submenu_bg_color":"#ffffff","submenu_link_color":"#2e2e2e","submenu_link_hover_color":"#449fc9","menu_transparent_color":"#ffffff","footer_bg":"#fffee1","footer_border":"#2e2e2e","footer_text":"#2e2e2e","footer_link":"#2e2e2e","footer_link_hover":"#449fc9","type_heading_font":"cooper_bt_n7","type_heading_size":100,"type_base_font":"avenir_next_rounded_n5","type_body_size":100,"parallax_strength":50,"product_grid_outline":false,"button_radius_style":"pill","product_grid_aspect_ratio":1.2,"sale_bg_color":"#f18080","sale_text_color":"#ffffff","show_free_shipping_message":true,"free_shipping_limit":"90","checkout_logo_position":"left","checkout_logo_size":"medium","checkout_body_background_color":"#fff","checkout_input_background_color_mode":"white","checkout_sidebar_background_color":"#fafafa","checkout_heading_font":"Open Sans","checkout_body_font":"Open Sans","checkout_accent_color":"#c5aa76","checkout_button_color":"#c5aa76","checkout_error_color":"#c85c42","enable_free_shipping_message":true,"announcement_bg":"#fff980","announcement_text":"#2e2e2e","sale_background_color":"#be563f","sections":{"header":{"type":"header","settings":{"header_style":"logo_beside","icon_family":"bold"}},"announcement":{"type":"announcement","settings":{"bg_color":"#f7f7f7","color":"#545454","layout":"slider","speed":7}},"footer":{"type":"footer","blocks":{"footer-0":{"type":"linklist","settings":{"linklist":"main-menu","title":""}},"footer-1":{"type":"social","settings":{"title":"Social","richtext":"<p>Stay current with updates from our social channels.<\/p>"}},"footer-2":{"type":"newsletter","settings":{"richtext":"<p>Subscribe to get special offers, free giveaways, and once-in-a-lifetime deals.<\/p>","enable_name":false}}},"block_order":["footer-0","footer-1","footer-2"],"settings":{"logo_image_width":150,"bg_position":"center-center","overlay_opacity":75,"overlay_color":"#ffffff","footer_secondary_linklist":"","footer_payment_enable":false,"show_locale_selector":true,"show_currency_selector":true,"type":"currency"}},"popups":{"type":"popups","blocks":{"popups-0":{"type":"cookie","settings":{"position":"popup-cookies--left","show_cookies_popup":true}}},"block_order":["popups-0"],"settings":{}}}},"Modern":{"text_color":"#2b2b2b","bg_color":"#ffffff","secondary_bg_color":"#f7f9fa","accent_bright":"#449fc9","accent_secondary":"#313d48","site_border_color":"#f3f3f3","link_color":"#449fc9","link_hover_color":"#c8e4f2","header_bg":"#313d48","header_link":"#ffffff","header_link_hover":"#ffffff","menu_bg_color":"#313d48","menu_border_color":"#313d48","menu_link_color":"#ffffff","menu_link_hover_color":"#c8e4f2","submenu_bg_color":"#2b2b2b","submenu_link_color":"#ffffff","submenu_link_hover_color":"#c8e4f2","menu_transparent_color":"#ffffff","footer_bg":"#313d48","footer_text":"#ffffff","footer_link":"#e1e1e1","footer_link_hover":"#808080","type_heading_font":"neue_haas_unica_n6","type_heading_size":140,"type_base_font":"neue_haas_unica_n4","type_body_size":105,"type_nav_font":"body","type_nav_size":80,"type_nav_caps":true,"animations_enable":false,"image_hover_enable":false,"sale_tags_enable":true,"sale_background_color":"#ed6161","sale_text_color":"#ffffff","checkout_logo_position":"left","checkout_logo_size":"medium","checkout_body_background_color":"#fff","checkout_input_background_color_mode":"white","checkout_sidebar_background_color":"#fafafa","checkout_heading_font":"Open Sans","checkout_body_font":"Open Sans","checkout_accent_color":"#007efc","checkout_button_color":"#007efc","checkout_error_color":"#ed6161","sections":{"header":{"type":"header","settings":{"header_style":"logo_beside","icon_family":"bold"}},"announcement":{"type":"announcement","settings":{"bg_color":"#f7f7f7","color":"#545454","layout":"slider","speed":7}},"footer":{"type":"footer","blocks":{"footer-0":{"type":"linklist","settings":{"linklist":"main-menu","title":""}},"footer-1":{"type":"social","settings":{"title":"Social","richtext":"<p>Stay current with updates from our social channels.<\/p>"}},"footer-2":{"type":"newsletter","settings":{"richtext":"<p>Subscribe to get special offers, free giveaways, and once-in-a-lifetime deals.<\/p>","enable_name":false}}},"block_order":["footer-0","footer-1","footer-2"],"settings":{"logo_image_width":150,"bg_position":"center-center","overlay_opacity":75,"overlay_color":"#ffffff","footer_secondary_linklist":"","footer_payment_enable":false,"show_locale_selector":true,"show_currency_selector":true,"type":"currency"}},"popups":{"type":"popups","blocks":{"popups-0":{"type":"cookie","settings":{"position":"popup-cookies--left","show_cookies_popup":true}}},"block_order":["popups-0"],"settings":{}}}}}}