{"sections":{"main":{"type":"product","blocks":{"price_and_title":{"type":"price_and_title","settings":{"subheading_option":"breadcrumb"}},"form":{"type":"form","settings":{}},"pickup":{"type":"pickup","disabled":true,"settings":{}},"tabs":{"type":"tab_richtext","settings":{}}},"block_order":["price_and_title","form","pickup","tabs"],"settings":{}},"faq":{"type":"section-accordion","blocks":{"faq-1":{"type":"text","settings":{}},"faq-2":{"type":"text","settings":{}},"faq-3":{"type":"text","settings":{}},"faq-4":{"type":"text","settings":{}}},"block_order":["faq-1","faq-2","faq-3","faq-4"],"settings":{"title":"FAQ"}},"shipping":{"type":"section-accordion","blocks":{"shipping-0":{"type":"icon","settings":{"icon_name":"icon-shipment","title":"Fast shipping"}},"shipping-1":{"type":"icon","settings":{"icon_name":"icon-truck","title":"Order tracking"}},"shipping-2":{"type":"icon","settings":{"icon_name":"icon-chat","title":"Get in touch"}}},"block_order":["shipping-0","shipping-1","shipping-2"],"settings":{"title":"Shipping"}},"about":{"type":"section-accordion","blocks":{"about-0":{"type":"image","settings":{}},"about-1":{"type":"image","settings":{}},"about-2":{"type":"image","settings":{}}},"block_order":["about-0","about-1","about-2"],"settings":{"title":"About us"}},"reviews":{"type":"reviews","settings":{}},"custom":{"type":"section-custom-content","blocks":{"custom-0":{"type":"image","settings":{"title":"","description":"","link_text":""}},"custom-1":{"type":"text","settings":{"subheading":"Introducing","title":"Product feature","align_text":"text-left","bg_color":"#f7f7f7","button_text":""}}},"block_order":["custom-0","custom-1"],"settings":{"height":"screen-height-one-half","padding":true}},"imgtxt":{"type":"section-custom-content","blocks":{"imgtxt-0":{"type":"text","settings":{"subheading":"Introducing","title":"Another feature","align_text":"text-left","bg_color":"#f7f7f7","button_text":""}},"imgtxt-1":{"type":"image","settings":{"title":"","description":"","link_text":""}}},"block_order":["imgtxt-0","imgtxt-1"],"settings":{"height":"screen-height-one-half","padding":true}},"related":{"type":"related","settings":{}},"loox-product-reviews-app-section":{"type":"apps","blocks":{"loox-product-reviews":{"type":"shopify:\/\/apps\/loox-product-reviews-photos\/blocks\/loox-dynamic-section\/5c3b337f-fd14-4df5-b1d6-80ec13e6e28e","settings":{"only_photos":false,"aggregated":false,"hide_thumbnails":false,"maxwidth":1080}}},"block_order":["loox-product-reviews"],"settings":{"include_margins":false}}},"order":["main","faq","shipping","about","reviews","custom","imgtxt","related","loox-product-reviews-app-section"]}